place_id,slot,date,time,rater,weather,temp_f,lux,kelvin,db_mean,db_peak,db_variability,seats_total,seats_occupied,capacity,people_visible,enclosure,complexity,greenery,daylight,seat_comfort,privacy,talk_ok,thermal,outlets,wifi,food_drink,restroom,table_surface,back_to_wall,photo_wide,photo_pov,photo_light,notes
p01,A_wkdy_morning,GUESS,,guess_v1,fog,54,292,4000,35.8,47.9,1,120,32,120,40,4,1,1,4,3,4,1,3,1,1,0,1,1,1,,,,"guessed, not measured"
p01,B_wkdy_midday,GUESS,,guess_v1,clear,61,430,4000,44.1,54.6,2,120,73,120,91,4,2,1,4,3,3,1,4,1,1,0,1,1,1,,,,"guessed, not measured"
p01,C_wkdy_afternoon,GUESS,,guess_v1,clear,61,399,4000,40.5,49.3,2,120,56,120,70,4,2,1,4,3,3,1,5,1,1,0,1,1,1,,,,"guessed, not measured"
p01,D_wkdy_evening,GUESS,,guess_v1,clear,53,367,3200,33.2,45.4,1,120,16,120,20,4,1,1,2,3,4,1,3,1,1,0,1,1,1,,,,"guessed, not measured"
p01,E_wkend_midday,GUESS,,guess_v1,clear,58,387,4000,31.3,41.8,1,120,16,120,20,4,1,1,4,3,4,1,4,1,1,0,1,1,1,,,,"guessed, not measured"
p02,A_wkdy_morning,GUESS,,guess_v1,fog,55,291,4000,34.1,44.4,1,120,29,120,36,4,1,1,4,3,4,1,3,1,1,0,1,1,1,,,,"guessed, not measured"
p02,B_wkdy_midday,GUESS,,guess_v1,clear,59,432,4000,45.4,55.8,2,120,72,120,90,4,2,1,4,3,3,1,4,1,1,0,1,1,1,,,,"guessed, not measured"
p02,C_wkdy_afternoon,GUESS,,guess_v1,clear,61,401,4000,42.7,55.1,2,120,59,120,74,4,2,1,4,3,3,1,5,1,1,0,1,1,1,,,,"guessed, not measured"
p02,D_wkdy_evening,GUESS,,guess_v1,clear,53,329,3200,31.1,40.7,1,120,19,120,24,4,1,1,2,3,4,1,3,1,1,0,1,1,1,,,,"guessed, not measured"
p02,E_wkend_midday,GUESS,,guess_v1,clear,61,455,4000,33.9,43.9,1,120,19,120,24,4,1,1,4,3,4,1,4,1,1,0,1,1,1,,,,"guessed, not measured"
p03,A_wkdy_morning,GUESS,,guess_v1,fog,56,125,2900,30,38.8,1,40,6,40,8,5,1,1,2,5,5,1,3,0,1,0,1,1,1,,,,"guessed, not measured"
p03,B_wkdy_midday,GUESS,,guess_v1,clear,59,189,2900,36.6,44.3,1,40,18,40,22,5,2,1,2,5,5,1,4,0,1,0,1,1,1,,,,"guessed, not measured"
p03,C_wkdy_afternoon,GUESS,,guess_v1,clear,59,170,2900,33.7,42.7,1,40,14,40,17,5,2,1,2,5,5,1,5,0,1,0,1,1,1,,,,"guessed, not measured"
p03,D_wkdy_evening,GUESS,,guess_v1,clear,51,161,2900,30,35.4,1,40,4,40,5,5,1,1,1,5,5,1,3,0,1,0,1,1,1,,,,"guessed, not measured"
p03,E_wkend_midday,GUESS,,guess_v1,clear,58,188,2900,30,36.0,1,40,5,40,6,5,1,1,2,5,5,1,4,0,1,0,1,1,1,,,,"guessed, not measured"
p04,A_wkdy_morning,GUESS,,guess_v1,fog,53,139,3800,35.4,45.5,2,120,48,120,60,4,2,1,1,3,4,1,3,1,1,0,1,1,1,,,,"guessed, not measured"
p04,B_wkdy_midday,GUESS,,guess_v1,clear,58,225,3800,48.0,57.6,3,120,108,120,135,4,2,1,1,3,3,1,4,1,1,0,1,1,1,,,,"guessed, not measured"
p04,C_wkdy_afternoon,GUESS,,guess_v1,clear,62,175,3800,43.8,54.8,2,120,85,120,106,4,2,1,1,3,4,1,5,1,1,0,1,1,1,,,,"guessed, not measured"
p04,D_wkdy_evening,GUESS,,guess_v1,clear,52,173,3200,31.7,43.1,1,120,27,120,34,4,1,1,1,3,5,1,3,1,1,0,1,1,1,,,,"guessed, not measured"
p04,E_wkend_midday,GUESS,,guess_v1,clear,60,200,3800,31.9,42.7,1,120,23,120,29,4,1,1,1,3,5,1,4,1,1,0,1,1,1,,,,"guessed, not measured"
p05,A_wkdy_morning,GUESS,,guess_v1,fog,54,314,4500,59.2,81.0,5,140,71,140,89,4,3,1,3,3,1,5,3,1,1,1,1,1,0,,,,"guessed, not measured"
p05,B_wkdy_midday,GUESS,,guess_v1,clear,61,483,4500,70.2,88.8,5,140,140,140,182,4,4,1,3,3,1,5,4,1,1,1,1,1,0,,,,"guessed, not measured"
p05,C_wkdy_afternoon,GUESS,,guess_v1,clear,59,437,4500,65.5,86.5,5,140,133,140,166,4,4,1,3,3,1,5,5,1,1,1,1,1,0,,,,"guessed, not measured"
p05,D_wkdy_evening,GUESS,,guess_v1,clear,51,377,3200,56.7,77.1,5,140,55,140,69,4,3,1,1,3,1,5,3,1,1,1,1,1,0,,,,"guessed, not measured"
p05,E_wkend_midday,GUESS,,guess_v1,clear,59,467,4500,57.1,76.1,4,140,39,140,49,4,3,1,3,3,1,5,4,1,1,1,1,1,0,,,,"guessed, not measured"
p06,A_wkdy_morning,GUESS,,guess_v1,fog,55,250,4200,35.6,45.2,2,90,45,90,56,4,2,1,3,3,3,1,3,1,1,0,1,1,1,,,,"guessed, not measured"
p06,B_wkdy_midday,GUESS,,guess_v1,clear,60,404,4200,45.0,55.7,3,90,90,90,113,4,3,1,3,3,2,1,4,1,1,0,1,1,1,,,,"guessed, not measured"
p06,C_wkdy_afternoon,GUESS,,guess_v1,clear,59,312,4200,43.1,52.4,3,90,78,90,98,4,2,1,3,3,2,1,5,1,1,0,1,1,1,,,,"guessed, not measured"
p06,D_wkdy_evening,GUESS,,guess_v1,clear,53,315,3200,30,39.1,1,90,28,90,35,4,2,1,1,3,3,1,3,1,1,0,1,1,1,,,,"guessed, not measured"
p06,E_wkend_midday,GUESS,,guess_v1,clear,60,413,4200,31.2,43.2,1,90,23,90,29,4,1,1,3,3,4,1,4,1,1,0,1,1,1,,,,"guessed, not measured"
p07,A_wkdy_morning,GUESS,,guess_v1,fog,52,269,4000,36.1,45.0,1,120,35,120,44,4,2,1,4,3,3,1,3,1,1,0,1,1,1,,,,"guessed, not measured"
p07,B_wkdy_midday,GUESS,,guess_v1,clear,60,384,4000,45.9,58.1,2,120,77,120,96,4,2,1,4,3,3,1,4,1,1,0,1,1,1,,,,"guessed, not measured"
p07,C_wkdy_afternoon,GUESS,,guess_v1,clear,59,412,4000,42.0,51.7,2,120,61,120,76,4,2,1,4,3,3,1,5,1,1,0,1,1,1,,,,"guessed, not measured"
p07,D_wkdy_evening,GUESS,,guess_v1,clear,53,372,3200,32.8,44.8,1,120,22,120,28,4,1,1,2,3,4,1,3,1,1,0,1,1,1,,,,"guessed, not measured"
p07,E_wkend_midday,GUESS,,guess_v1,clear,61,434,4000,34.4,44.2,1,120,24,120,30,4,1,1,4,3,4,1,4,1,1,0,1,1,1,,,,"guessed, not measured"
p08,A_wkdy_morning,GUESS,,guess_v1,fog,54,313,4000,30,38.4,1,120,21,120,26,4,1,1,4,3,5,1,3,1,1,0,1,1,1,,,,"guessed, not measured"
p08,B_wkdy_midday,GUESS,,guess_v1,clear,58,428,4000,32.6,40.2,1,120,37,120,46,4,2,1,4,3,4,1,4,1,1,0,1,1,1,,,,"guessed, not measured"
p08,C_wkdy_afternoon,GUESS,,guess_v1,clear,60,394,4000,31.2,39.9,1,120,32,120,40,4,2,1,4,3,5,1,5,1,1,0,1,1,1,,,,"guessed, not measured"
p08,D_wkdy_evening,GUESS,,guess_v1,clear,51,379,3200,30,37.0,1,120,14,120,17,4,1,1,2,3,5,1,3,1,1,0,1,1,1,,,,"guessed, not measured"
p08,E_wkend_midday,GUESS,,guess_v1,clear,59,419,4000,30,37.6,1,120,13,120,16,4,1,1,4,3,5,1,4,1,1,0,1,1,1,,,,"guessed, not measured"
p09,A_wkdy_morning,GUESS,,guess_v1,fog,53,316,4000,35.8,46.7,1,120,35,120,44,4,2,1,4,3,3,1,3,1,1,0,1,1,1,,,,"guessed, not measured"
p09,B_wkdy_midday,GUESS,,guess_v1,clear,58,398,4000,44.1,55.2,2,120,66,120,83,4,2,1,4,3,3,1,4,1,1,0,1,1,1,,,,"guessed, not measured"
p09,C_wkdy_afternoon,GUESS,,guess_v1,clear,60,405,4000,42.1,52.3,2,120,66,120,83,4,2,1,4,3,3,1,5,1,1,0,1,1,1,,,,"guessed, not measured"
p09,D_wkdy_evening,GUESS,,guess_v1,clear,54,377,3200,31.3,41.4,1,120,24,120,30,4,1,1,2,3,4,1,3,1,1,0,1,1,1,,,,"guessed, not measured"
p09,E_wkend_midday,GUESS,,guess_v1,clear,58,406,4000,32.9,43.6,1,120,25,120,31,4,1,1,4,3,4,1,4,1,1,0,1,1,1,,,,"guessed, not measured"
p10,A_wkdy_morning,GUESS,,guess_v1,fog,56,305,4000,36.7,48.5,1,120,32,120,40,4,2,1,4,3,4,1,3,1,1,0,1,1,1,,,,"guessed, not measured"
p10,B_wkdy_midday,GUESS,,guess_v1,clear,58,403,4000,43.9,54.1,2,120,69,120,86,4,2,1,4,3,3,1,4,1,1,0,1,1,1,,,,"guessed, not measured"
p10,C_wkdy_afternoon,GUESS,,guess_v1,clear,62,365,4000,41.7,52.1,2,120,60,120,75,4,2,1,4,3,3,1,5,1,1,0,1,1,1,,,,"guessed, not measured"
p10,D_wkdy_evening,GUESS,,guess_v1,clear,54,327,3200,32.3,41.0,1,120,27,120,34,4,1,1,2,3,4,1,3,1,1,0,1,1,1,,,,"guessed, not measured"
p10,E_wkend_midday,GUESS,,guess_v1,clear,61,406,4000,33.3,44.0,1,120,15,120,19,4,1,1,4,3,4,1,4,1,1,0,1,1,1,,,,"guessed, not measured"
p11,A_wkdy_morning,GUESS,,guess_v1,fog,55,333,3600,60.3,80.1,5,45,23,45,29,3,4,2,4,4,2,5,3,1,1,1,1,1,0,,,,"guessed, not measured"
p11,B_wkdy_midday,GUESS,,guess_v1,clear,59,532,3600,72.3,90.5,5,45,45,45,59,3,5,2,4,4,1,5,4,1,1,1,1,1,0,,,,"guessed, not measured"
p11,C_wkdy_afternoon,GUESS,,guess_v1,clear,61,507,3600,69.8,91.0,5,45,45,45,57,3,5,2,4,4,1,5,5,1,1,1,1,1,0,,,,"guessed, not measured"
p11,D_wkdy_evening,GUESS,,guess_v1,clear,52,403,3200,57.1,75.9,4,45,16,45,20,3,4,2,2,4,2,5,3,1,1,1,1,1,0,,,,"guessed, not measured"
p11,E_wkend_midday,GUESS,,guess_v1,clear,60,506,3600,57.4,76.5,5,45,17,45,21,3,4,2,4,4,2,5,4,1,1,1,1,1,0,,,,"guessed, not measured"
p12,A_wkdy_morning,GUESS,,guess_v1,fog,55,281,3600,56.0,73.9,3,45,12,45,15,3,4,2,4,4,3,5,3,1,1,1,1,1,0,,,,"guessed, not measured"
p12,B_wkdy_midday,GUESS,,guess_v1,clear,58,541,3600,64.0,82.6,4,45,29,45,36,3,4,2,4,4,2,5,4,1,1,1,1,1,0,,,,"guessed, not measured"
p12,C_wkdy_afternoon,GUESS,,guess_v1,clear,61,432,3600,61.7,80.2,4,45,23,45,29,3,4,2,4,4,2,5,5,1,1,1,1,1,0,,,,"guessed, not measured"
p12,D_wkdy_evening,GUESS,,guess_v1,clear,53,15,3200,53.2,71.8,3,45,10,45,12,3,3,2,1,4,3,5,3,1,1,1,1,1,0,,,,"guessed, not measured"
p12,E_wkend_midday,GUESS,,guess_v1,clear,60,533,3600,53.4,71.5,3,45,6,45,8,3,3,2,4,4,3,5,4,1,1,1,1,1,0,,,,"guessed, not measured"
p13,A_wkdy_morning,GUESS,,guess_v1,fog,54,684,5200,46.7,65.4,3,25,6,25,8,3,3,2,5,2,3,3,2,0,1,0,1,0,0,,,,"guessed, not measured"
p13,B_wkdy_midday,GUESS,,guess_v1,clear,59,958,5200,54.7,73.1,4,25,16,25,20,3,4,2,5,2,2,3,3,0,1,0,1,0,0,,,,"guessed, not measured"
p13,C_wkdy_afternoon,GUESS,,guess_v1,clear,60,849,5200,50.9,67.9,4,25,12,25,15,3,4,2,5,2,2,3,4,0,1,0,1,0,0,,,,"guessed, not measured"
p13,D_wkdy_evening,GUESS,,guess_v1,clear,51,806,3200,42.7,57.7,3,25,3,25,4,3,3,2,3,2,3,3,2,0,1,0,1,0,0,,,,"guessed, not measured"
p13,E_wkend_midday,GUESS,,guess_v1,clear,60,843,5200,43.7,59.1,3,25,4,25,5,3,3,2,5,2,3,3,3,0,1,0,1,0,0,,,,"guessed, not measured"
p14,A_wkdy_morning,GUESS,,guess_v1,fog,54,2258,5600,44.9,59.2,2,20,6,20,7,3,3,3,5,3,3,4,2,0,1,0,0,1,1,,,,"guessed, not measured"
p14,B_wkdy_midday,GUESS,,guess_v1,clear,59,3818,5600,52.1,64.6,3,20,13,20,16,3,3,3,5,3,3,4,3,0,1,0,0,1,1,,,,"guessed, not measured"
p14,C_wkdy_afternoon,GUESS,,guess_v1,clear,61,3430,5600,49.9,63.6,3,20,11,20,14,3,3,3,5,3,3,4,4,0,1,0,0,1,1,,,,"guessed, not measured"
p14,D_wkdy_evening,GUESS,,guess_v1,clear,51,122,3200,39.6,54.6,2,20,3,20,4,3,2,3,1,3,4,4,2,0,1,0,0,1,1,,,,"guessed, not measured"
p14,E_wkend_midday,GUESS,,guess_v1,clear,58,3850,5600,42.6,56.3,2,20,4,20,5,3,2,3,5,3,4,4,3,0,1,0,0,1,1,,,,"guessed, not measured"
p15,A_wkdy_morning,GUESS,,guess_v1,fog,56,192,4300,39.7,60.1,4,14,4,14,5,3,3,1,3,2,2,3,2,0,1,0,1,0,1,,,,"guessed, not measured"
p15,B_wkdy_midday,GUESS,,guess_v1,clear,60,303,4300,48.7,69.9,5,14,8,14,10,3,3,1,3,2,2,3,3,0,1,0,1,0,1,,,,"guessed, not measured"
p15,C_wkdy_afternoon,GUESS,,guess_v1,clear,62,266,4300,44.2,64.4,5,14,7,14,9,3,3,1,3,2,2,3,4,0,1,0,1,0,1,,,,"guessed, not measured"
p15,D_wkdy_evening,GUESS,,guess_v1,clear,52,238,3200,35.7,55.6,4,14,3,14,4,3,2,1,1,2,3,3,2,0,1,0,1,0,1,,,,"guessed, not measured"
p15,E_wkend_midday,GUESS,,guess_v1,clear,58,290,4300,38.4,58.3,4,14,3,14,4,3,2,1,3,2,3,3,3,0,1,0,1,0,1,,,,"guessed, not measured"
p16,A_wkdy_morning,GUESS,,guess_v1,fog,52,809,3900,44.9,57.0,2,35,9,35,11,4,3,2,5,5,5,4,3,1,1,0,1,1,1,,,,"guessed, not measured"
p16,B_wkdy_midday,GUESS,,guess_v1,clear,59,1065,3900,51.6,66.0,3,35,18,35,23,4,4,2,5,5,4,4,4,1,1,0,1,1,1,,,,"guessed, not measured"
p16,C_wkdy_afternoon,GUESS,,guess_v1,clear,60,923,3900,48.0,62.5,3,35,17,35,21,4,4,2,5,5,4,4,5,1,1,0,1,1,1,,,,"guessed, not measured"
p16,D_wkdy_evening,GUESS,,guess_v1,clear,52,924,3200,38.9,52.6,2,35,5,35,6,4,3,2,3,5,5,4,3,1,1,0,1,1,1,,,,"guessed, not measured"
p16,E_wkend_midday,GUESS,,guess_v1,clear,60,1041,3900,40.9,53.1,2,35,5,35,6,4,3,2,5,5,5,4,4,1,1,0,1,1,1,,,,"guessed, not measured"
p17,A_wkdy_morning,GUESS,,guess_v1,fog,55,2132,5600,43.9,58.9,2,20,6,20,7,3,3,3,5,3,3,4,2,0,1,0,0,1,1,,,,"guessed, not measured"
p17,B_wkdy_midday,GUESS,,guess_v1,clear,59,4075,5600,53.5,68.4,3,20,11,20,14,3,3,3,5,3,3,4,3,0,1,0,0,1,1,,,,"guessed, not measured"
p17,C_wkdy_afternoon,GUESS,,guess_v1,clear,62,3520,5600,50.5,63.0,3,20,10,20,12,3,3,3,5,3,3,4,4,0,1,0,0,1,1,,,,"guessed, not measured"
p17,D_wkdy_evening,GUESS,,guess_v1,clear,51,109,3200,39.0,53.5,2,20,3,20,4,3,2,3,1,3,4,4,2,0,1,0,0,1,1,,,,"guessed, not measured"
p17,E_wkend_midday,GUESS,,guess_v1,clear,59,3544,5600,41.0,55.7,2,20,4,20,5,3,2,3,5,3,4,4,3,0,1,0,0,1,1,,,,"guessed, not measured"
p18,A_wkdy_morning,GUESS,,guess_v1,fog,56,1084,5200,43.6,59.2,3,25,4,25,5,3,3,2,5,2,3,3,2,0,1,0,1,0,0,,,,"guessed, not measured"
p18,B_wkdy_midday,GUESS,,guess_v1,clear,60,1570,5200,52.4,69.2,4,25,10,25,12,3,4,2,5,2,2,3,3,0,1,0,1,0,0,,,,"guessed, not measured"
p18,C_wkdy_afternoon,GUESS,,guess_v1,clear,59,1254,5200,49.1,64.2,3,25,8,25,10,3,4,2,5,2,2,3,4,0,1,0,1,0,0,,,,"guessed, not measured"
p18,D_wkdy_evening,GUESS,,guess_v1,clear,51,1194,3200,41.6,58.7,3,25,3,25,4,3,3,2,3,2,3,3,2,0,1,0,1,0,0,,,,"guessed, not measured"
p18,E_wkend_midday,GUESS,,guess_v1,clear,58,1615,5200,43.3,62.1,3,25,2,25,2,3,3,2,5,2,3,3,3,0,1,0,1,0,0,,,,"guessed, not measured"
p19,A_wkdy_morning,GUESS,,guess_v1,fog,53,381,3900,44.7,58.2,2,35,8,35,10,4,3,2,4,5,4,4,3,1,1,0,1,1,1,,,,"guessed, not measured"
p19,B_wkdy_midday,GUESS,,guess_v1,clear,58,529,3900,53.0,66.3,3,35,21,35,26,4,4,2,4,5,3,4,4,1,1,0,1,1,1,,,,"guessed, not measured"
p19,C_wkdy_afternoon,GUESS,,guess_v1,clear,61,464,3900,50.5,62.9,3,35,19,35,24,4,4,2,4,5,3,4,5,1,1,0,1,1,1,,,,"guessed, not measured"
p19,D_wkdy_evening,GUESS,,guess_v1,clear,50,443,3200,39.1,51.3,2,35,6,35,7,4,3,2,2,5,4,4,3,1,1,0,1,1,1,,,,"guessed, not measured"
p19,E_wkend_midday,GUESS,,guess_v1,clear,60,554,3900,42.2,56.6,2,35,7,35,9,4,3,2,4,5,4,4,4,1,1,0,1,1,1,,,,"guessed, not measured"
p20,A_wkdy_morning,GUESS,,guess_v1,fog,55,228,4300,39.9,59.9,4,14,4,14,5,3,2,1,3,2,3,3,2,0,1,0,1,0,1,,,,"guessed, not measured"
p20,B_wkdy_midday,GUESS,,guess_v1,clear,61,315,4300,50.1,71.0,5,14,8,14,10,3,3,1,3,2,2,3,3,0,1,0,1,0,1,,,,"guessed, not measured"
p20,C_wkdy_afternoon,GUESS,,guess_v1,clear,61,279,4300,46.5,68.0,5,14,7,14,9,3,3,1,3,2,2,3,4,0,1,0,1,0,1,,,,"guessed, not measured"
p20,D_wkdy_evening,GUESS,,guess_v1,clear,52,235,3200,36.0,56.9,4,14,3,14,4,3,2,1,1,2,3,3,2,0,1,0,1,0,1,,,,"guessed, not measured"
p20,E_wkend_midday,GUESS,,guess_v1,clear,60,307,4300,35.5,54.9,4,14,2,14,3,3,2,1,3,2,3,3,3,0,1,0,1,0,1,,,,"guessed, not measured"
p21,A_wkdy_morning,GUESS,,guess_v1,fog,55,2029,5600,44.8,59.1,2,20,5,20,6,3,2,3,5,3,4,4,2,0,1,0,0,1,1,,,,"guessed, not measured"
p21,B_wkdy_midday,GUESS,,guess_v1,clear,60,4142,5600,53.1,66.3,3,20,12,20,15,3,3,3,5,3,3,4,3,0,1,0,0,1,1,,,,"guessed, not measured"
p21,C_wkdy_afternoon,GUESS,,guess_v1,clear,61,2953,5600,50.3,65.8,3,20,11,20,14,3,3,3,5,3,3,4,4,0,1,0,0,1,1,,,,"guessed, not measured"
p21,D_wkdy_evening,GUESS,,guess_v1,clear,51,105,3200,39.5,52.7,2,20,4,20,5,3,2,3,1,3,4,4,2,0,1,0,0,1,1,,,,"guessed, not measured"
p21,E_wkend_midday,GUESS,,guess_v1,clear,60,4077,5600,39.7,52.3,2,20,3,20,4,3,2,3,5,3,4,4,3,0,1,0,0,1,1,,,,"guessed, not measured"
p22,A_wkdy_morning,GUESS,,guess_v1,fog,55,5391,5700,41.3,55.2,3,0,0,60,35,1,2,5,5,2,2,4,2,0,1,0,0,0,0,,,,"guessed, not measured"
p22,B_wkdy_midday,GUESS,,guess_v1,clear,58,9420,5700,50.8,64.8,4,0,0,60,80,1,3,5,5,2,1,4,3,0,1,0,0,0,0,,,,"guessed, not measured"
p22,C_wkdy_afternoon,GUESS,,guess_v1,clear,60,7194,5700,46.8,60.3,4,0,0,60,69,1,3,5,5,2,1,4,4,0,1,0,0,0,0,,,,"guessed, not measured"
p22,D_wkdy_evening,GUESS,,guess_v1,clear,53,266,3200,34.3,49.7,3,0,0,60,24,1,2,5,1,2,2,4,2,0,1,0,0,0,0,,,,"guessed, not measured"
p22,E_wkend_midday,GUESS,,guess_v1,clear,60,9251,5700,36.0,48.8,3,0,0,60,22,1,2,5,5,2,2,4,3,0,1,0,0,0,0,,,,"guessed, not measured"
p23,A_wkdy_morning,GUESS,,guess_v1,fog,53,4517,5700,38.2,51.0,2,0,0,60,15,1,1,5,5,2,3,4,2,0,1,0,0,0,0,,,,"guessed, not measured"
p23,B_wkdy_midday,GUESS,,guess_v1,clear,61,8822,5700,45.6,60.3,3,0,0,60,33,1,2,5,5,2,2,4,3,0,1,0,0,0,0,,,,"guessed, not measured"
p23,C_wkdy_afternoon,GUESS,,guess_v1,clear,59,8262,5700,42.2,57.7,3,0,0,60,32,1,2,5,5,2,2,4,4,0,1,0,0,0,0,,,,"guessed, not measured"
p23,D_wkdy_evening,GUESS,,guess_v1,clear,51,293,3200,34.1,47.6,2,0,0,60,13,1,1,5,1,2,3,4,2,0,1,0,0,0,0,,,,"guessed, not measured"
p23,E_wkend_midday,GUESS,,guess_v1,clear,62,8949,5700,36.3,50.8,2,0,0,60,10,1,1,5,5,2,3,4,3,0,1,0,0,0,0,,,,"guessed, not measured"
p24,A_wkdy_morning,GUESS,,guess_v1,fog,54,506,5000,33.3,42.1,1,8,1,8,1,3,1,5,2,2,5,3,1,0,0,0,0,0,0,,,,"guessed, not measured"
p24,B_wkdy_midday,GUESS,,guess_v1,clear,59,839,5000,39.3,49.9,1,8,2,8,3,3,2,5,2,2,5,3,2,0,0,0,0,0,0,,,,"guessed, not measured"
p24,C_wkdy_afternoon,GUESS,,guess_v1,clear,60,776,5000,37.6,47.0,1,8,2,8,3,3,2,5,2,2,5,3,3,0,0,0,0,0,0,,,,"guessed, not measured"
p24,D_wkdy_evening,GUESS,,guess_v1,clear,53,29,3200,30,42.4,1,8,1,8,1,3,1,5,1,2,5,3,1,0,0,0,0,0,0,,,,"guessed, not measured"
p24,E_wkend_midday,GUESS,,guess_v1,clear,60,946,5000,30,42.0,1,8,0,8,0,3,1,5,2,2,5,3,2,0,0,0,0,0,0,,,,"guessed, not measured"
p25,A_wkdy_morning,GUESS,,guess_v1,fog,54,1224,5200,44.1,52.1,1,10,1,10,1,2,2,5,4,3,5,3,2,0,0,0,0,0,0,,,,"guessed, not measured"
p25,B_wkdy_midday,GUESS,,guess_v1,clear,62,2101,5200,54.1,60.1,1,10,4,10,5,2,3,5,4,3,4,3,3,0,0,0,0,0,0,,,,"guessed, not measured"
p25,C_wkdy_afternoon,GUESS,,guess_v1,clear,59,1722,5200,51.3,56.7,1,10,3,10,4,2,3,5,4,3,4,3,4,0,0,0,0,0,0,,,,"guessed, not measured"
p25,D_wkdy_evening,GUESS,,guess_v1,clear,51,66,3200,41.9,47.5,1,10,1,10,1,2,2,5,1,3,5,3,2,0,0,0,0,0,0,,,,"guessed, not measured"
p25,E_wkend_midday,GUESS,,guess_v1,clear,59,2252,5200,42.7,50.1,1,10,1,10,1,2,2,5,4,3,5,3,3,0,0,0,0,0,0,,,,"guessed, not measured"
p26,A_wkdy_morning,GUESS,,guess_v1,fog,55,4307,5700,30,39.8,1,4,0,4,0,1,1,4,5,2,5,3,2,0,0,0,0,0,0,,,,"guessed, not measured"
p26,B_wkdy_midday,GUESS,,guess_v1,clear,61,7667,5700,36.2,47.8,1,4,0,4,0,1,1,4,5,2,5,3,3,0,0,0,0,0,0,,,,"guessed, not measured"
p26,C_wkdy_afternoon,GUESS,,guess_v1,clear,60,6731,5700,34.1,43.5,1,4,0,4,0,1,1,4,5,2,5,3,4,0,0,0,0,0,0,,,,"guessed, not measured"
p26,D_wkdy_evening,GUESS,,guess_v1,clear,53,227,3200,30,39.7,1,4,0,4,0,1,1,4,1,2,5,3,2,0,0,0,0,0,0,,,,"guessed, not measured"
p26,E_wkend_midday,GUESS,,guess_v1,clear,61,6956,5700,30,39.9,1,4,0,4,0,1,1,4,5,2,5,3,3,0,0,0,0,0,0,,,,"guessed, not measured"
p27,A_wkdy_morning,GUESS,,guess_v1,fog,55,4937,5700,36.1,50.0,2,0,0,60,14,1,1,5,5,2,3,4,2,0,1,0,0,0,0,,,,"guessed, not measured"
p27,B_wkdy_midday,GUESS,,guess_v1,clear,60,8535,5700,47.7,59.6,3,0,0,60,35,1,2,5,5,2,2,4,3,0,1,0,0,0,0,,,,"guessed, not measured"
p27,C_wkdy_afternoon,GUESS,,guess_v1,clear,60,7917,5700,42.5,57.0,3,0,0,60,28,1,2,5,5,2,2,4,4,0,1,0,0,0,0,,,,"guessed, not measured"
p27,D_wkdy_evening,GUESS,,guess_v1,clear,51,264,3200,33.4,47.9,2,0,0,60,9,1,1,5,1,2,3,4,2,0,1,0,0,0,0,,,,"guessed, not measured"
p27,E_wkend_midday,GUESS,,guess_v1,clear,61,9713,5700,35.3,50.6,2,0,0,60,11,1,1,5,5,2,3,4,3,0,1,0,0,0,0,,,,"guessed, not measured"
p28,A_wkdy_morning,GUESS,,guess_v1,fog,54,4787,5700,38.6,51.4,2,0,0,60,16,1,1,5,5,2,3,4,2,0,1,0,0,0,0,,,,"guessed, not measured"
p28,B_wkdy_midday,GUESS,,guess_v1,clear,59,8776,5700,48.5,61.1,3,0,0,60,39,1,2,5,5,2,2,4,3,0,1,0,0,0,0,,,,"guessed, not measured"
p28,C_wkdy_afternoon,GUESS,,guess_v1,clear,61,7230,5700,43.0,56.1,3,0,0,60,30,1,2,5,5,2,2,4,4,0,1,0,0,0,0,,,,"guessed, not measured"
p28,D_wkdy_evening,GUESS,,guess_v1,clear,51,273,3200,34.4,49.3,2,0,0,60,13,1,1,5,1,2,3,4,2,0,1,0,0,0,0,,,,"guessed, not measured"
p28,E_wkend_midday,GUESS,,guess_v1,clear,60,8226,5700,36.3,49.0,2,0,0,60,12,1,1,5,5,2,3,4,3,0,1,0,0,0,0,,,,"guessed, not measured"
p29,A_wkdy_morning,GUESS,,guess_v1,fog,55,1469,5100,33.9,46.2,1,4,1,4,1,2,3,5,4,2,4,3,2,0,0,0,0,0,0,,,,"guessed, not measured"
p29,B_wkdy_midday,GUESS,,guess_v1,clear,58,2405,5100,42.8,54.4,2,4,2,4,3,2,3,5,4,2,4,3,3,0,0,0,0,0,0,,,,"guessed, not measured"
p29,C_wkdy_afternoon,GUESS,,guess_v1,clear,59,2263,5100,40.7,49.5,2,4,2,4,3,2,3,5,4,2,4,3,4,0,0,0,0,0,0,,,,"guessed, not measured"
p29,D_wkdy_evening,GUESS,,guess_v1,clear,53,74,3200,30.7,40.1,1,4,1,4,1,2,2,5,1,2,5,3,2,0,0,0,0,0,0,,,,"guessed, not measured"
p29,E_wkend_midday,GUESS,,guess_v1,clear,61,2524,5100,31.8,41.8,1,4,1,4,1,2,2,5,4,2,5,3,3,0,0,0,0,0,0,,,,"guessed, not measured"
p30,A_wkdy_morning,GUESS,,guess_v1,fog,55,4575,5800,51.8,68.7,3,24,7,24,9,1,4,2,5,2,1,5,2,0,1,0,0,1,0,,,,"guessed, not measured"
p30,B_wkdy_midday,GUESS,,guess_v1,clear,61,8240,5800,61.0,79.1,4,24,15,24,19,1,4,2,5,2,1,5,3,0,1,0,0,1,0,,,,"guessed, not measured"
p30,C_wkdy_afternoon,GUESS,,guess_v1,clear,61,7360,5800,58.6,76.9,4,24,13,24,16,1,4,2,5,2,1,5,4,0,1,0,0,1,0,,,,"guessed, not measured"
p30,D_wkdy_evening,GUESS,,guess_v1,clear,52,237,3200,48.7,66.7,3,24,4,24,5,1,3,2,1,2,2,5,2,0,1,0,0,1,0,,,,"guessed, not measured"
p30,E_wkend_midday,GUESS,,guess_v1,clear,58,7821,5800,49.5,68.2,3,24,3,24,4,1,3,2,5,2,2,5,3,0,1,0,0,1,0,,,,"guessed, not measured"
p31,A_wkdy_morning,GUESS,,guess_v1,fog,52,4772,5800,50.2,66.1,3,24,2,24,2,1,3,2,5,2,2,5,2,0,1,0,0,1,0,,,,"guessed, not measured"
p31,B_wkdy_midday,GUESS,,guess_v1,clear,58,8397,5800,57.3,74.7,3,24,6,24,7,1,3,2,5,2,2,5,3,0,1,0,0,1,0,,,,"guessed, not measured"
p31,C_wkdy_afternoon,GUESS,,guess_v1,clear,59,7301,5800,54.9,72.0,3,24,4,24,5,1,3,2,5,2,2,5,4,0,1,0,0,1,0,,,,"guessed, not measured"
p31,D_wkdy_evening,GUESS,,guess_v1,clear,53,229,3200,46.1,61.8,3,24,1,24,1,1,3,2,1,2,2,5,2,0,1,0,0,1,0,,,,"guessed, not measured"
p31,E_wkend_midday,GUESS,,guess_v1,clear,58,7685,5800,47.5,63.1,3,24,2,24,2,1,3,2,5,2,2,5,3,0,1,0,0,1,0,,,,"guessed, not measured"
p32,A_wkdy_morning,GUESS,,guess_v1,fog,54,4942,5800,30,40.6,1,300,28,300,35,1,1,3,5,3,5,4,2,0,0,0,0,0,0,,,,"guessed, not measured"
p32,B_wkdy_midday,GUESS,,guess_v1,clear,60,8258,5800,36.8,48.9,1,300,38,300,47,1,1,3,5,3,5,4,3,0,0,0,0,0,0,,,,"guessed, not measured"
p32,C_wkdy_afternoon,GUESS,,guess_v1,clear,62,6639,5800,33.0,42.2,1,300,52,300,65,1,1,3,5,3,5,4,4,0,0,0,0,0,0,,,,"guessed, not measured"
p32,D_wkdy_evening,GUESS,,guess_v1,clear,51,256,3200,30,40.5,1,300,23,300,29,1,1,3,1,3,5,4,2,0,0,0,0,0,0,,,,"guessed, not measured"
p32,E_wkend_midday,GUESS,,guess_v1,clear,59,7752,5800,30,39.4,1,300,27,300,34,1,1,3,5,3,5,4,3,0,0,0,0,0,0,,,,"guessed, not measured"
p33,A_wkdy_morning,GUESS,,guess_v1,fog,53,5325,5800,36.5,50.9,2,30,8,30,10,1,1,4,5,2,3,3,2,0,1,0,0,0,0,,,,"guessed, not measured"
p33,B_wkdy_midday,GUESS,,guess_v1,clear,60,10131,5800,44.2,56.9,3,30,17,30,21,1,1,4,5,2,2,3,3,0,1,0,0,0,0,,,,"guessed, not measured"
p33,C_wkdy_afternoon,GUESS,,guess_v1,clear,59,8125,5800,42.9,55.6,3,30,16,30,20,1,1,4,5,2,2,3,4,0,1,0,0,0,0,,,,"guessed, not measured"
p33,D_wkdy_evening,GUESS,,guess_v1,clear,54,303,3200,30.8,45.6,2,30,6,30,8,1,1,4,1,2,3,3,2,0,1,0,0,0,0,,,,"guessed, not measured"
p33,E_wkend_midday,GUESS,,guess_v1,clear,60,8811,5800,32.0,46.5,2,30,4,30,5,1,1,4,5,2,3,3,3,0,1,0,0,0,0,,,,"guessed, not measured"
p34,A_wkdy_morning,GUESS,,guess_v1,fog,53,4683,5800,68.2,88.5,5,24,17,24,21,1,5,2,5,2,1,5,2,0,1,0,0,1,0,,,,"guessed, not measured"
p34,B_wkdy_midday,GUESS,,guess_v1,clear,61,7411,5800,78,92,5,24,24,24,33,1,5,2,5,2,1,5,3,0,1,0,0,1,0,,,,"guessed, not measured"
p34,C_wkdy_afternoon,GUESS,,guess_v1,clear,62,6381,5800,75.2,92,5,24,24,24,32,1,5,2,5,2,1,5,4,0,1,0,0,1,0,,,,"guessed, not measured"
p34,D_wkdy_evening,GUESS,,guess_v1,clear,52,232,3200,61.5,79.8,5,24,11,24,14,1,5,2,1,2,1,5,2,0,1,0,0,1,0,,,,"guessed, not measured"
p34,E_wkend_midday,GUESS,,guess_v1,clear,59,7432,5800,62.7,83.4,5,24,11,24,14,1,5,2,5,2,1,5,3,0,1,0,0,1,0,,,,"guessed, not measured"
p35,A_wkdy_morning,GUESS,,guess_v1,fog,52,4522,5800,65.7,87.1,5,24,16,24,20,1,4,2,5,2,1,5,2,0,1,0,0,1,0,,,,"guessed, not measured"
p35,B_wkdy_midday,GUESS,,guess_v1,clear,59,8092,5800,77.5,92,5,24,24,24,33,1,5,2,5,2,1,5,3,0,1,0,0,1,0,,,,"guessed, not measured"
p35,C_wkdy_afternoon,GUESS,,guess_v1,clear,61,6441,5800,73.6,92,5,24,24,24,31,1,5,2,5,2,1,5,4,0,1,0,0,1,0,,,,"guessed, not measured"
p35,D_wkdy_evening,GUESS,,guess_v1,clear,52,231,3200,59.3,79.5,5,24,10,24,12,1,4,2,1,2,1,5,2,0,1,0,0,1,0,,,,"guessed, not measured"
p35,E_wkend_midday,GUESS,,guess_v1,clear,61,7568,5800,61.1,80.1,5,24,9,24,11,1,4,2,5,2,1,5,3,0,1,0,0,1,0,,,,"guessed, not measured"
p36,A_wkdy_morning,GUESS,,guess_v1,fog,53,4005,5700,61.7,82.0,5,6,4,6,5,1,5,2,5,1,1,5,2,0,1,0,0,0,0,,,,"guessed, not measured"
p36,B_wkdy_midday,GUESS,,guess_v1,clear,60,6489,5700,72.1,90.6,5,6,6,6,8,1,5,2,5,1,1,5,3,0,1,0,0,0,0,,,,"guessed, not measured"
p36,C_wkdy_afternoon,GUESS,,guess_v1,clear,61,6311,5700,67.9,87.5,5,6,6,6,8,1,5,2,5,1,1,5,4,0,1,0,0,0,0,,,,"guessed, not measured"
p36,D_wkdy_evening,GUESS,,guess_v1,clear,52,196,3200,54.8,73.5,5,6,2,6,3,1,5,2,1,1,1,5,2,0,1,0,0,0,0,,,,"guessed, not measured"
p36,E_wkend_midday,GUESS,,guess_v1,clear,60,7015,5700,57.7,77.4,5,6,2,6,3,1,5,2,5,1,1,5,3,0,1,0,0,0,0,,,,"guessed, not measured"
p37,A_wkdy_morning,GUESS,,guess_v1,fog,54,2027,5600,44.8,58.0,2,20,6,20,7,3,3,3,5,3,3,4,2,0,1,0,0,1,1,,,,"guessed, not measured"
p37,B_wkdy_midday,GUESS,,guess_v1,clear,61,4130,5600,52.4,66.8,3,20,11,20,14,3,3,3,5,3,3,4,3,0,1,0,0,1,1,,,,"guessed, not measured"
p37,C_wkdy_afternoon,GUESS,,guess_v1,clear,60,3132,5600,49.8,61.5,3,20,11,20,14,3,3,3,5,3,3,4,4,0,1,0,0,1,1,,,,"guessed, not measured"
p37,D_wkdy_evening,GUESS,,guess_v1,clear,54,114,3200,39.0,52.1,2,20,4,20,5,3,2,3,1,3,4,4,2,0,1,0,0,1,1,,,,"guessed, not measured"
p37,E_wkend_midday,GUESS,,guess_v1,clear,61,3982,5600,41.5,53.8,2,20,4,20,5,3,2,3,5,3,4,4,3,0,1,0,0,1,1,,,,"guessed, not measured"
p38,A_wkdy_morning,GUESS,,guess_v1,fog,55,1029,5200,33.9,47.5,2,12,1,12,1,2,1,4,4,2,5,3,2,0,0,0,0,0,1,,,,"guessed, not measured"
p38,B_wkdy_midday,GUESS,,guess_v1,clear,58,2121,5200,42.2,56.7,2,12,2,12,3,2,1,4,4,2,5,3,3,0,0,0,0,0,1,,,,"guessed, not measured"
p38,C_wkdy_afternoon,GUESS,,guess_v1,clear,59,1572,5200,39.4,51.8,2,12,2,12,3,2,1,4,4,2,5,3,4,0,0,0,0,0,1,,,,"guessed, not measured"
p38,D_wkdy_evening,GUESS,,guess_v1,clear,52,65,3200,31.8,44.7,2,12,1,12,1,2,1,4,1,2,5,3,2,0,0,0,0,0,1,,,,"guessed, not measured"
p38,E_wkend_midday,GUESS,,guess_v1,clear,61,1869,5200,30.9,46.4,2,12,0,12,0,2,1,4,4,2,5,3,3,0,0,0,0,0,1,,,,"guessed, not measured"
p39,A_wkdy_morning,GUESS,,guess_v1,fog,56,2633,5600,37.9,51.7,2,16,4,16,5,2,3,3,5,3,4,4,3,0,1,0,0,1,1,,,,"guessed, not measured"
p39,B_wkdy_midday,GUESS,,guess_v1,clear,61,4660,5600,48.3,62.3,3,16,10,16,13,2,3,3,5,3,4,4,4,0,1,0,0,1,1,,,,"guessed, not measured"
p39,C_wkdy_afternoon,GUESS,,guess_v1,clear,62,4306,5600,44.4,57.0,3,16,8,16,10,2,3,3,5,3,4,4,5,0,1,0,0,1,1,,,,"guessed, not measured"
p39,D_wkdy_evening,GUESS,,guess_v1,clear,51,137,3200,34.0,45.9,2,16,2,16,3,2,2,3,1,3,5,4,3,0,1,0,0,1,1,,,,"guessed, not measured"
p39,E_wkend_midday,GUESS,,guess_v1,clear,60,4827,5600,36.6,50.9,2,16,3,16,4,2,2,3,5,3,5,4,4,0,1,0,0,1,1,,,,"guessed, not measured"
p40,A_wkdy_morning,GUESS,,guess_v1,fog,52,5221,5700,37.5,51.5,2,0,0,60,18,1,2,5,5,2,2,4,2,0,1,0,0,0,0,,,,"guessed, not measured"
p40,B_wkdy_midday,GUESS,,guess_v1,clear,60,8816,5700,46.7,58.9,3,0,0,60,34,1,2,5,5,2,2,4,3,0,1,0,0,0,0,,,,"guessed, not measured"
p40,C_wkdy_afternoon,GUESS,,guess_v1,clear,60,7744,5700,43.2,55.9,3,0,0,60,29,1,2,5,5,2,2,4,4,0,1,0,0,0,0,,,,"guessed, not measured"
p40,D_wkdy_evening,GUESS,,guess_v1,clear,54,253,3200,32.8,47.1,2,0,0,60,12,1,1,5,1,2,3,4,2,0,1,0,0,0,0,,,,"guessed, not measured"
p40,E_wkend_midday,GUESS,,guess_v1,clear,60,9201,5700,35.0,48.2,2,0,0,60,11,1,1,5,5,2,3,4,3,0,1,0,0,0,0,,,,"guessed, not measured"
p41,A_wkdy_morning,GUESS,,guess_v1,fog,55,4193,5700,30,40.3,1,0,0,8,1,2,1,5,5,1,5,3,2,0,0,0,0,0,0,,,,"guessed, not measured"
p41,B_wkdy_midday,GUESS,,guess_v1,clear,61,7083,5700,33.5,43.6,1,0,0,8,1,2,1,5,5,1,5,3,3,0,0,0,0,0,0,,,,"guessed, not measured"
p41,C_wkdy_afternoon,GUESS,,guess_v1,clear,60,6383,5700,30.5,40.6,1,0,0,8,1,2,1,5,5,1,5,3,4,0,0,0,0,0,0,,,,"guessed, not measured"
p41,D_wkdy_evening,GUESS,,guess_v1,clear,53,219,3200,30,42.0,1,0,0,8,0,2,1,5,1,1,5,3,2,0,0,0,0,0,0,,,,"guessed, not measured"
p41,E_wkend_midday,GUESS,,guess_v1,clear,58,6458,5700,30,40.8,1,0,0,8,0,2,1,5,5,1,5,3,3,0,0,0,0,0,0,,,,"guessed, not measured"
p42,A_wkdy_morning,GUESS,,guess_v1,fog,55,2781,5400,30,40.0,1,20,5,20,6,2,2,5,5,3,5,3,2,0,0,0,0,0,0,,,,"guessed, not measured"
p42,B_wkdy_midday,GUESS,,guess_v1,clear,59,5397,5400,38.2,47.9,2,20,12,20,15,2,3,5,5,3,4,3,3,0,0,0,0,0,0,,,,"guessed, not measured"
p42,C_wkdy_afternoon,GUESS,,guess_v1,clear,62,4814,5400,36.3,48.6,2,20,9,20,11,2,3,5,5,3,4,3,4,0,0,0,0,0,0,,,,"guessed, not measured"
p42,D_wkdy_evening,GUESS,,guess_v1,clear,53,172,3200,30,39.3,1,20,3,20,4,2,2,5,1,3,5,3,2,0,0,0,0,0,0,,,,"guessed, not measured"
p42,E_wkend_midday,GUESS,,guess_v1,clear,60,5128,5400,30,41.6,1,20,4,20,5,2,2,5,5,3,5,3,3,0,0,0,0,0,0,,,,"guessed, not measured"
p43,A_wkdy_morning,GUESS,,guess_v1,fog,53,4241,5700,45.5,61.2,4,18,8,18,10,1,5,4,5,2,1,4,2,0,0,0,1,1,0,,,,"guessed, not measured"
p43,B_wkdy_midday,GUESS,,guess_v1,clear,59,7852,5700,58.0,76.0,5,18,15,18,19,1,5,4,5,2,1,4,3,0,0,0,1,1,0,,,,"guessed, not measured"
p43,C_wkdy_afternoon,GUESS,,guess_v1,clear,60,7288,5700,51.9,66.8,4,18,14,18,17,1,5,4,5,2,1,4,4,0,0,0,1,1,0,,,,"guessed, not measured"
p43,D_wkdy_evening,GUESS,,guess_v1,clear,51,239,3200,44.0,62.7,3,18,5,18,6,1,5,4,1,2,2,4,2,0,0,0,1,1,0,,,,"guessed, not measured"
p43,E_wkend_midday,GUESS,,guess_v1,clear,61,7562,5700,44.7,63.1,3,18,4,18,5,1,4,4,5,2,2,4,3,0,0,0,1,1,0,,,,"guessed, not measured"
p44,A_wkdy_morning,GUESS,,guess_v1,fog,56,4701,5700,45.5,61.0,3,18,5,18,6,1,3,4,5,2,3,4,2,0,0,0,1,1,0,,,,"guessed, not measured"
p44,B_wkdy_midday,GUESS,,guess_v1,clear,58,8547,5700,55.2,70.8,4,18,10,18,13,1,4,4,5,2,2,4,3,0,0,0,1,1,0,,,,"guessed, not measured"
p44,C_wkdy_afternoon,GUESS,,guess_v1,clear,62,7290,5700,51.8,67.8,4,18,8,18,10,1,4,4,5,2,2,4,4,0,0,0,1,1,0,,,,"guessed, not measured"
p44,D_wkdy_evening,GUESS,,guess_v1,clear,52,259,3200,41.1,58.7,3,18,4,18,5,1,3,4,1,2,3,4,2,0,0,0,1,1,0,,,,"guessed, not measured"
p44,E_wkend_midday,GUESS,,guess_v1,clear,58,8303,5700,41.9,57.9,3,18,2,18,3,1,3,4,5,2,3,4,3,0,0,0,1,1,0,,,,"guessed, not measured"
p45,A_wkdy_morning,GUESS,,guess_v1,fog,53,295,4100,36.7,47.7,1,80,19,80,24,4,2,1,4,3,4,2,3,1,1,0,1,1,1,,,,"guessed, not measured"
p45,B_wkdy_midday,GUESS,,guess_v1,clear,59,380,4100,48.3,59.0,2,80,49,80,61,4,3,1,4,3,3,2,4,1,1,0,1,1,1,,,,"guessed, not measured"
p45,C_wkdy_afternoon,GUESS,,guess_v1,clear,59,369,4100,44.2,53.7,2,80,44,80,55,4,3,1,4,3,3,2,5,1,1,0,1,1,1,,,,"guessed, not measured"
p45,D_wkdy_evening,GUESS,,guess_v1,clear,51,342,3200,34.2,44.7,1,80,18,80,23,4,2,1,2,3,4,2,3,1,1,0,1,1,1,,,,"guessed, not measured"
p45,E_wkend_midday,GUESS,,guess_v1,clear,58,422,4100,34.4,43.8,1,80,14,80,18,4,2,1,4,3,4,2,4,1,1,0,1,1,1,,,,"guessed, not measured"
