place_id,slot,date,time,rater,weather,temp_f,lux,kelvin,db_mean,db_peak,db_variability,seats_total,seats_occupied,people_visible,enclosure,complexity,greenery,daylight,seat_comfort,privacy,talk_ok,thermal,outlets,wifi,food_drink,restroom,table_surface,back_to_wall,photo_wide,photo_pov,photo_light,notes
p01,A_wkdy_morning,,,,,,,,,,,,,,,,,,,,,,,,,,,,,,,
p01,B_wkdy_midday,,,,,,,,,,,,,,,,,,,,,,,,,,,,,,,
p01,C_wkdy_afternoon,,,,,,,,,,,,,,,,,,,,,,,,,,,,,,,
p01,D_wkdy_evening,,,,,,,,,,,,,,,,,,,,,,,,,,,,,,,
p01,E_wkend_midday,,,,,,,,,,,,,,,,,,,,,,,,,,,,,,,
p02,A_wkdy_morning,,,,,,,,,,,,,,,,,,,,,,,,,,,,,,,
p02,B_wkdy_midday,,,,,,,,,,,,,,,,,,,,,,,,,,,,,,,
p02,C_wkdy_afternoon,,,,,,,,,,,,,,,,,,,,,,,,,,,,,,,
p02,D_wkdy_evening,,,,,,,,,,,,,,,,,,,,,,,,,,,,,,,
p02,E_wkend_midday,,,,,,,,,,,,,,,,,,,,,,,,,,,,,,,
p03,A_wkdy_morning,,,,,,,,,,,,,,,,,,,,,,,,,,,,,,,
p03,B_wkdy_midday,,,,,,,,,,,,,,,,,,,,,,,,,,,,,,,
p03,C_wkdy_afternoon,,,,,,,,,,,,,,,,,,,,,,,,,,,,,,,
p03,D_wkdy_evening,,,,,,,,,,,,,,,,,,,,,,,,,,,,,,,
p03,E_wkend_midday,,,,,,,,,,,,,,,,,,,,,,,,,,,,,,,
p04,A_wkdy_morning,,,,,,,,,,,,,,,,,,,,,,,,,,,,,,,
p04,B_wkdy_midday,,,,,,,,,,,,,,,,,,,,,,,,,,,,,,,
p04,C_wkdy_afternoon,,,,,,,,,,,,,,,,,,,,,,,,,,,,,,,
p04,D_wkdy_evening,,,,,,,,,,,,,,,,,,,,,,,,,,,,,,,
p04,E_wkend_midday,,,,,,,,,,,,,,,,,,,,,,,,,,,,,,,
p05,A_wkdy_morning,,,,,,,,,,,,,,,,,,,,,,,,,,,,,,,
p05,B_wkdy_midday,,,,,,,,,,,,,,,,,,,,,,,,,,,,,,,
p05,C_wkdy_afternoon,,,,,,,,,,,,,,,,,,,,,,,,,,,,,,,
p05,D_wkdy_evening,,,,,,,,,,,,,,,,,,,,,,,,,,,,,,,
p05,E_wkend_midday,,,,,,,,,,,,,,,,,,,,,,,,,,,,,,,
p06,A_wkdy_morning,,,,,,,,,,,,,,,,,,,,,,,,,,,,,,,
p06,B_wkdy_midday,,,,,,,,,,,,,,,,,,,,,,,,,,,,,,,
p06,C_wkdy_afternoon,,,,,,,,,,,,,,,,,,,,,,,,,,,,,,,
p06,D_wkdy_evening,,,,,,,,,,,,,,,,,,,,,,,,,,,,,,,
p06,E_wkend_midday,,,,,,,,,,,,,,,,,,,,,,,,,,,,,,,
p07,A_wkdy_morning,,,,,,,,,,,,,,,,,,,,,,,,,,,,,,,
p07,B_wkdy_midday,,,,,,,,,,,,,,,,,,,,,,,,,,,,,,,
p07,C_wkdy_afternoon,,,,,,,,,,,,,,,,,,,,,,,,,,,,,,,
p07,D_wkdy_evening,,,,,,,,,,,,,,,,,,,,,,,,,,,,,,,
p07,E_wkend_midday,,,,,,,,,,,,,,,,,,,,,,,,,,,,,,,
p08,A_wkdy_morning,,,,,,,,,,,,,,,,,,,,,,,,,,,,,,,
p08,B_wkdy_midday,,,,,,,,,,,,,,,,,,,,,,,,,,,,,,,
p08,C_wkdy_afternoon,,,,,,,,,,,,,,,,,,,,,,,,,,,,,,,
p08,D_wkdy_evening,,,,,,,,,,,,,,,,,,,,,,,,,,,,,,,
p08,E_wkend_midday,,,,,,,,,,,,,,,,,,,,,,,,,,,,,,,
p09,A_wkdy_morning,,,,,,,,,,,,,,,,,,,,,,,,,,,,,,,
p09,B_wkdy_midday,,,,,,,,,,,,,,,,,,,,,,,,,,,,,,,
p09,C_wkdy_afternoon,,,,,,,,,,,,,,,,,,,,,,,,,,,,,,,
p09,D_wkdy_evening,,,,,,,,,,,,,,,,,,,,,,,,,,,,,,,
p09,E_wkend_midday,,,,,,,,,,,,,,,,,,,,,,,,,,,,,,,
p10,A_wkdy_morning,,,,,,,,,,,,,,,,,,,,,,,,,,,,,,,
p10,B_wkdy_midday,,,,,,,,,,,,,,,,,,,,,,,,,,,,,,,
p10,C_wkdy_afternoon,,,,,,,,,,,,,,,,,,,,,,,,,,,,,,,
p10,D_wkdy_evening,,,,,,,,,,,,,,,,,,,,,,,,,,,,,,,
p10,E_wkend_midday,,,,,,,,,,,,,,,,,,,,,,,,,,,,,,,
p11,A_wkdy_morning,,,,,,,,,,,,,,,,,,,,,,,,,,,,,,,
p11,B_wkdy_midday,,,,,,,,,,,,,,,,,,,,,,,,,,,,,,,
p11,C_wkdy_afternoon,,,,,,,,,,,,,,,,,,,,,,,,,,,,,,,
p11,D_wkdy_evening,,,,,,,,,,,,,,,,,,,,,,,,,,,,,,,
p11,E_wkend_midday,,,,,,,,,,,,,,,,,,,,,,,,,,,,,,,
p12,A_wkdy_morning,,,,,,,,,,,,,,,,,,,,,,,,,,,,,,,
p12,B_wkdy_midday,,,,,,,,,,,,,,,,,,,,,,,,,,,,,,,
p12,C_wkdy_afternoon,,,,,,,,,,,,,,,,,,,,,,,,,,,,,,,
p12,D_wkdy_evening,,,,,,,,,,,,,,,,,,,,,,,,,,,,,,,
p12,E_wkend_midday,,,,,,,,,,,,,,,,,,,,,,,,,,,,,,,
p13,A_wkdy_morning,,,,,,,,,,,,,,,,,,,,,,,,,,,,,,,
p13,B_wkdy_midday,,,,,,,,,,,,,,,,,,,,,,,,,,,,,,,
p13,C_wkdy_afternoon,,,,,,,,,,,,,,,,,,,,,,,,,,,,,,,
p13,D_wkdy_evening,,,,,,,,,,,,,,,,,,,,,,,,,,,,,,,
p13,E_wkend_midday,,,,,,,,,,,,,,,,,,,,,,,,,,,,,,,
p14,A_wkdy_morning,,,,,,,,,,,,,,,,,,,,,,,,,,,,,,,
p14,B_wkdy_midday,,,,,,,,,,,,,,,,,,,,,,,,,,,,,,,
p14,C_wkdy_afternoon,,,,,,,,,,,,,,,,,,,,,,,,,,,,,,,
p14,D_wkdy_evening,,,,,,,,,,,,,,,,,,,,,,,,,,,,,,,
p14,E_wkend_midday,,,,,,,,,,,,,,,,,,,,,,,,,,,,,,,
p15,A_wkdy_morning,,,,,,,,,,,,,,,,,,,,,,,,,,,,,,,
p15,B_wkdy_midday,,,,,,,,,,,,,,,,,,,,,,,,,,,,,,,
p15,C_wkdy_afternoon,,,,,,,,,,,,,,,,,,,,,,,,,,,,,,,
p15,D_wkdy_evening,,,,,,,,,,,,,,,,,,,,,,,,,,,,,,,
p15,E_wkend_midday,,,,,,,,,,,,,,,,,,,,,,,,,,,,,,,
p16,A_wkdy_morning,,,,,,,,,,,,,,,,,,,,,,,,,,,,,,,
p16,B_wkdy_midday,,,,,,,,,,,,,,,,,,,,,,,,,,,,,,,
p16,C_wkdy_afternoon,,,,,,,,,,,,,,,,,,,,,,,,,,,,,,,
p16,D_wkdy_evening,,,,,,,,,,,,,,,,,,,,,,,,,,,,,,,
p16,E_wkend_midday,,,,,,,,,,,,,,,,,,,,,,,,,,,,,,,
p17,A_wkdy_morning,,,,,,,,,,,,,,,,,,,,,,,,,,,,,,,
p17,B_wkdy_midday,,,,,,,,,,,,,,,,,,,,,,,,,,,,,,,
p17,C_wkdy_afternoon,,,,,,,,,,,,,,,,,,,,,,,,,,,,,,,
p17,D_wkdy_evening,,,,,,,,,,,,,,,,,,,,,,,,,,,,,,,
p17,E_wkend_midday,,,,,,,,,,,,,,,,,,,,,,,,,,,,,,,
p18,A_wkdy_morning,,,,,,,,,,,,,,,,,,,,,,,,,,,,,,,
p18,B_wkdy_midday,,,,,,,,,,,,,,,,,,,,,,,,,,,,,,,
p18,C_wkdy_afternoon,,,,,,,,,,,,,,,,,,,,,,,,,,,,,,,
p18,D_wkdy_evening,,,,,,,,,,,,,,,,,,,,,,,,,,,,,,,
p18,E_wkend_midday,,,,,,,,,,,,,,,,,,,,,,,,,,,,,,,
p19,A_wkdy_morning,,,,,,,,,,,,,,,,,,,,,,,,,,,,,,,
p19,B_wkdy_midday,,,,,,,,,,,,,,,,,,,,,,,,,,,,,,,
p19,C_wkdy_afternoon,,,,,,,,,,,,,,,,,,,,,,,,,,,,,,,
p19,D_wkdy_evening,,,,,,,,,,,,,,,,,,,,,,,,,,,,,,,
p19,E_wkend_midday,,,,,,,,,,,,,,,,,,,,,,,,,,,,,,,
p20,A_wkdy_morning,,,,,,,,,,,,,,,,,,,,,,,,,,,,,,,
p20,B_wkdy_midday,,,,,,,,,,,,,,,,,,,,,,,,,,,,,,,
p20,C_wkdy_afternoon,,,,,,,,,,,,,,,,,,,,,,,,,,,,,,,
p20,D_wkdy_evening,,,,,,,,,,,,,,,,,,,,,,,,,,,,,,,
p20,E_wkend_midday,,,,,,,,,,,,,,,,,,,,,,,,,,,,,,,
p21,A_wkdy_morning,,,,,,,,,,,,,,,,,,,,,,,,,,,,,,,
p21,B_wkdy_midday,,,,,,,,,,,,,,,,,,,,,,,,,,,,,,,
p21,C_wkdy_afternoon,,,,,,,,,,,,,,,,,,,,,,,,,,,,,,,
p21,D_wkdy_evening,,,,,,,,,,,,,,,,,,,,,,,,,,,,,,,
p21,E_wkend_midday,,,,,,,,,,,,,,,,,,,,,,,,,,,,,,,
p22,A_wkdy_morning,,,,,,,,,,,,,,,,,,,,,,,,,,,,,,,
p22,B_wkdy_midday,,,,,,,,,,,,,,,,,,,,,,,,,,,,,,,
p22,C_wkdy_afternoon,,,,,,,,,,,,,,,,,,,,,,,,,,,,,,,
p22,D_wkdy_evening,,,,,,,,,,,,,,,,,,,,,,,,,,,,,,,
p22,E_wkend_midday,,,,,,,,,,,,,,,,,,,,,,,,,,,,,,,
p23,A_wkdy_morning,,,,,,,,,,,,,,,,,,,,,,,,,,,,,,,
p23,B_wkdy_midday,,,,,,,,,,,,,,,,,,,,,,,,,,,,,,,
p23,C_wkdy_afternoon,,,,,,,,,,,,,,,,,,,,,,,,,,,,,,,
p23,D_wkdy_evening,,,,,,,,,,,,,,,,,,,,,,,,,,,,,,,
p23,E_wkend_midday,,,,,,,,,,,,,,,,,,,,,,,,,,,,,,,
p24,A_wkdy_morning,,,,,,,,,,,,,,,,,,,,,,,,,,,,,,,
p24,B_wkdy_midday,,,,,,,,,,,,,,,,,,,,,,,,,,,,,,,
p24,C_wkdy_afternoon,,,,,,,,,,,,,,,,,,,,,,,,,,,,,,,
p24,D_wkdy_evening,,,,,,,,,,,,,,,,,,,,,,,,,,,,,,,
p24,E_wkend_midday,,,,,,,,,,,,,,,,,,,,,,,,,,,,,,,
p25,A_wkdy_morning,,,,,,,,,,,,,,,,,,,,,,,,,,,,,,,
p25,B_wkdy_midday,,,,,,,,,,,,,,,,,,,,,,,,,,,,,,,
p25,C_wkdy_afternoon,,,,,,,,,,,,,,,,,,,,,,,,,,,,,,,
p25,D_wkdy_evening,,,,,,,,,,,,,,,,,,,,,,,,,,,,,,,
p25,E_wkend_midday,,,,,,,,,,,,,,,,,,,,,,,,,,,,,,,
p26,A_wkdy_morning,,,,,,,,,,,,,,,,,,,,,,,,,,,,,,,
p26,B_wkdy_midday,,,,,,,,,,,,,,,,,,,,,,,,,,,,,,,
p26,C_wkdy_afternoon,,,,,,,,,,,,,,,,,,,,,,,,,,,,,,,
p26,D_wkdy_evening,,,,,,,,,,,,,,,,,,,,,,,,,,,,,,,
p26,E_wkend_midday,,,,,,,,,,,,,,,,,,,,,,,,,,,,,,,
p27,A_wkdy_morning,,,,,,,,,,,,,,,,,,,,,,,,,,,,,,,
p27,B_wkdy_midday,,,,,,,,,,,,,,,,,,,,,,,,,,,,,,,
p27,C_wkdy_afternoon,,,,,,,,,,,,,,,,,,,,,,,,,,,,,,,
p27,D_wkdy_evening,,,,,,,,,,,,,,,,,,,,,,,,,,,,,,,
p27,E_wkend_midday,,,,,,,,,,,,,,,,,,,,,,,,,,,,,,,
p28,A_wkdy_morning,,,,,,,,,,,,,,,,,,,,,,,,,,,,,,,
p28,B_wkdy_midday,,,,,,,,,,,,,,,,,,,,,,,,,,,,,,,
p28,C_wkdy_afternoon,,,,,,,,,,,,,,,,,,,,,,,,,,,,,,,
p28,D_wkdy_evening,,,,,,,,,,,,,,,,,,,,,,,,,,,,,,,
p28,E_wkend_midday,,,,,,,,,,,,,,,,,,,,,,,,,,,,,,,
p29,A_wkdy_morning,,,,,,,,,,,,,,,,,,,,,,,,,,,,,,,
p29,B_wkdy_midday,,,,,,,,,,,,,,,,,,,,,,,,,,,,,,,
p29,C_wkdy_afternoon,,,,,,,,,,,,,,,,,,,,,,,,,,,,,,,
p29,D_wkdy_evening,,,,,,,,,,,,,,,,,,,,,,,,,,,,,,,
p29,E_wkend_midday,,,,,,,,,,,,,,,,,,,,,,,,,,,,,,,
p30,A_wkdy_morning,,,,,,,,,,,,,,,,,,,,,,,,,,,,,,,
p30,B_wkdy_midday,,,,,,,,,,,,,,,,,,,,,,,,,,,,,,,
p30,C_wkdy_afternoon,,,,,,,,,,,,,,,,,,,,,,,,,,,,,,,
p30,D_wkdy_evening,,,,,,,,,,,,,,,,,,,,,,,,,,,,,,,
p30,E_wkend_midday,,,,,,,,,,,,,,,,,,,,,,,,,,,,,,,
p31,A_wkdy_morning,,,,,,,,,,,,,,,,,,,,,,,,,,,,,,,
p31,B_wkdy_midday,,,,,,,,,,,,,,,,,,,,,,,,,,,,,,,
p31,C_wkdy_afternoon,,,,,,,,,,,,,,,,,,,,,,,,,,,,,,,
p31,D_wkdy_evening,,,,,,,,,,,,,,,,,,,,,,,,,,,,,,,
p31,E_wkend_midday,,,,,,,,,,,,,,,,,,,,,,,,,,,,,,,
p32,A_wkdy_morning,,,,,,,,,,,,,,,,,,,,,,,,,,,,,,,
p32,B_wkdy_midday,,,,,,,,,,,,,,,,,,,,,,,,,,,,,,,
p32,C_wkdy_afternoon,,,,,,,,,,,,,,,,,,,,,,,,,,,,,,,
p32,D_wkdy_evening,,,,,,,,,,,,,,,,,,,,,,,,,,,,,,,
p32,E_wkend_midday,,,,,,,,,,,,,,,,,,,,,,,,,,,,,,,
p33,A_wkdy_morning,,,,,,,,,,,,,,,,,,,,,,,,,,,,,,,
p33,B_wkdy_midday,,,,,,,,,,,,,,,,,,,,,,,,,,,,,,,
p33,C_wkdy_afternoon,,,,,,,,,,,,,,,,,,,,,,,,,,,,,,,
p33,D_wkdy_evening,,,,,,,,,,,,,,,,,,,,,,,,,,,,,,,
p33,E_wkend_midday,,,,,,,,,,,,,,,,,,,,,,,,,,,,,,,
p34,A_wkdy_morning,,,,,,,,,,,,,,,,,,,,,,,,,,,,,,,
p34,B_wkdy_midday,,,,,,,,,,,,,,,,,,,,,,,,,,,,,,,
p34,C_wkdy_afternoon,,,,,,,,,,,,,,,,,,,,,,,,,,,,,,,
p34,D_wkdy_evening,,,,,,,,,,,,,,,,,,,,,,,,,,,,,,,
p34,E_wkend_midday,,,,,,,,,,,,,,,,,,,,,,,,,,,,,,,
p35,A_wkdy_morning,,,,,,,,,,,,,,,,,,,,,,,,,,,,,,,
p35,B_wkdy_midday,,,,,,,,,,,,,,,,,,,,,,,,,,,,,,,
p35,C_wkdy_afternoon,,,,,,,,,,,,,,,,,,,,,,,,,,,,,,,
p35,D_wkdy_evening,,,,,,,,,,,,,,,,,,,,,,,,,,,,,,,
p35,E_wkend_midday,,,,,,,,,,,,,,,,,,,,,,,,,,,,,,,
p36,A_wkdy_morning,,,,,,,,,,,,,,,,,,,,,,,,,,,,,,,
p36,B_wkdy_midday,,,,,,,,,,,,,,,,,,,,,,,,,,,,,,,
p36,C_wkdy_afternoon,,,,,,,,,,,,,,,,,,,,,,,,,,,,,,,
p36,D_wkdy_evening,,,,,,,,,,,,,,,,,,,,,,,,,,,,,,,
p36,E_wkend_midday,,,,,,,,,,,,,,,,,,,,,,,,,,,,,,,
p37,A_wkdy_morning,,,,,,,,,,,,,,,,,,,,,,,,,,,,,,,
p37,B_wkdy_midday,,,,,,,,,,,,,,,,,,,,,,,,,,,,,,,
p37,C_wkdy_afternoon,,,,,,,,,,,,,,,,,,,,,,,,,,,,,,,
p37,D_wkdy_evening,,,,,,,,,,,,,,,,,,,,,,,,,,,,,,,
p37,E_wkend_midday,,,,,,,,,,,,,,,,,,,,,,,,,,,,,,,
p38,A_wkdy_morning,,,,,,,,,,,,,,,,,,,,,,,,,,,,,,,
p38,B_wkdy_midday,,,,,,,,,,,,,,,,,,,,,,,,,,,,,,,
p38,C_wkdy_afternoon,,,,,,,,,,,,,,,,,,,,,,,,,,,,,,,
p38,D_wkdy_evening,,,,,,,,,,,,,,,,,,,,,,,,,,,,,,,
p38,E_wkend_midday,,,,,,,,,,,,,,,,,,,,,,,,,,,,,,,
p39,A_wkdy_morning,,,,,,,,,,,,,,,,,,,,,,,,,,,,,,,
p39,B_wkdy_midday,,,,,,,,,,,,,,,,,,,,,,,,,,,,,,,
p39,C_wkdy_afternoon,,,,,,,,,,,,,,,,,,,,,,,,,,,,,,,
p39,D_wkdy_evening,,,,,,,,,,,,,,,,,,,,,,,,,,,,,,,
p39,E_wkend_midday,,,,,,,,,,,,,,,,,,,,,,,,,,,,,,,
p40,A_wkdy_morning,,,,,,,,,,,,,,,,,,,,,,,,,,,,,,,
p40,B_wkdy_midday,,,,,,,,,,,,,,,,,,,,,,,,,,,,,,,
p40,C_wkdy_afternoon,,,,,,,,,,,,,,,,,,,,,,,,,,,,,,,
p40,D_wkdy_evening,,,,,,,,,,,,,,,,,,,,,,,,,,,,,,,
p40,E_wkend_midday,,,,,,,,,,,,,,,,,,,,,,,,,,,,,,,
p41,A_wkdy_morning,,,,,,,,,,,,,,,,,,,,,,,,,,,,,,,
p41,B_wkdy_midday,,,,,,,,,,,,,,,,,,,,,,,,,,,,,,,
p41,C_wkdy_afternoon,,,,,,,,,,,,,,,,,,,,,,,,,,,,,,,
p41,D_wkdy_evening,,,,,,,,,,,,,,,,,,,,,,,,,,,,,,,
p41,E_wkend_midday,,,,,,,,,,,,,,,,,,,,,,,,,,,,,,,
p42,A_wkdy_morning,,,,,,,,,,,,,,,,,,,,,,,,,,,,,,,
p42,B_wkdy_midday,,,,,,,,,,,,,,,,,,,,,,,,,,,,,,,
p42,C_wkdy_afternoon,,,,,,,,,,,,,,,,,,,,,,,,,,,,,,,
p42,D_wkdy_evening,,,,,,,,,,,,,,,,,,,,,,,,,,,,,,,
p42,E_wkend_midday,,,,,,,,,,,,,,,,,,,,,,,,,,,,,,,
p43,A_wkdy_morning,,,,,,,,,,,,,,,,,,,,,,,,,,,,,,,
p43,B_wkdy_midday,,,,,,,,,,,,,,,,,,,,,,,,,,,,,,,
p43,C_wkdy_afternoon,,,,,,,,,,,,,,,,,,,,,,,,,,,,,,,
p43,D_wkdy_evening,,,,,,,,,,,,,,,,,,,,,,,,,,,,,,,
p43,E_wkend_midday,,,,,,,,,,,,,,,,,,,,,,,,,,,,,,,
p44,A_wkdy_morning,,,,,,,,,,,,,,,,,,,,,,,,,,,,,,,
p44,B_wkdy_midday,,,,,,,,,,,,,,,,,,,,,,,,,,,,,,,
p44,C_wkdy_afternoon,,,,,,,,,,,,,,,,,,,,,,,,,,,,,,,
p44,D_wkdy_evening,,,,,,,,,,,,,,,,,,,,,,,,,,,,,,,
p44,E_wkend_midday,,,,,,,,,,,,,,,,,,,,,,,,,,,,,,,
p45,A_wkdy_morning,,,,,,,,,,,,,,,,,,,,,,,,,,,,,,,
p45,B_wkdy_midday,,,,,,,,,,,,,,,,,,,,,,,,,,,,,,,
p45,C_wkdy_afternoon,,,,,,,,,,,,,,,,,,,,,,,,,,,,,,,
p45,D_wkdy_evening,,,,,,,,,,,,,,,,,,,,,,,,,,,,,,,
p45,E_wkend_midday,,,,,,,,,,,,,,,,,,,,,,,,,,,,,,,
